,P/E,P/B,EV/EBITDA,Revenue CAGR (5Y),EPS CAGR (5Y),ROE,P/E_Rank,P/B_Rank,EV/EBITDA_Rank,Revenue CAGR (5Y)_Rank,EPS CAGR (5Y)_Rank,ROE_Rank,Fundamental_Score
300750.SZ,37.75997084573316,,,0.405608672460928,0.4472661309432273,,0.21153846153846156,0.5,0.5,0.9636963696369637,0.9369747899159664,0.5,0.7331027422393176
AA,166.96705706666665,,,-0.007099883073039215,-0.51647918949222,,0.03076923076923077,0.5,0.5,0.17491749174917492,0.01680672268907563,0.5,0.17166934405140577
AAL,10.264109995271868,,,0.21962387961897,,,0.8730769230769231,0.5,0.5,0.9141914191419142,0.5,0.5,0.5970481086570195
AAPL,36.10985037478797,,,0.01812535743479393,0.06791224750372327,,0.23461538461538467,0.5,0.5,0.27722772277227725,0.5378151260504201,0.5,0.38104277202122283
ABT,16.73868511565438,,,-0.008782655004365925,0.2452172760919351,,0.7,0.5,0.5,0.16831683168316833,0.8445378151260504,0.5,0.4608444268796628
ACI,10.377591587732109,,,0.03797169404459688,-0.1545126794044932,,0.8692307692307693,0.5,0.5,0.38613861386138615,0.17647058823529413,0.5,0.3201556829891134
ADBE,25.375368287769785,,,0.10857467624937178,0.0716424739257806,,0.43846153846153846,0.5,0.5,0.735973597359736,0.5504201680672269,0.5,0.541026691712481
ADRNY,21.490876081632653,,,0.057309809207869655,-0.044789614244089004,,0.5653846153846154,0.5,0.5,0.46864686468646866,0.36554621848739494,0.5,0.3982922392109928
AEO,8.9694890521586,,,0.020713510548279412,-0.11891318850896626,,0.9115384615384615,0.5,0.5,0.30033003300330036,0.22268907563025211,0.5,0.3086991590238533
AES,5.857290368076236,,,0.03292269162885186,,,0.9423076923076923,0.5,0.5,0.3564356435643564,0.5,0.5,0.4180851739020056
AIZ,15.008193633254407,,,0.05248936976369345,0.12240400112114247,,0.7423076923076923,0.5,0.5,0.44554455445544555,0.680672268907563,0.5,0.4990973906699009
ALB,,,,0.17345994755576455,,,0.5,0.5,0.5,0.8910891089108911,0.5,0.5,0.5771039603960395
ALC,38.8603614302554,,,0.06129679733169846,0.3882217093808309,,0.18846153846153846,0.5,0.5,0.49504950495049505,0.9117647058823529,0.5,0.5718300031360601
AMD,251.86129776477756,,,0.1620048775845504,-0.271280671598897,,0.019230769230769273,0.5,0.5,0.8844884488448845,0.06722689075630252,0.5,0.41828184434474475
AME,32.627956806218045,,,0.07763345218092632,0.11520119086518843,,0.2846153846153846,0.5,0.5,0.5742574257425742,0.6512605042016807,0.5,0.5161138400523957
AMFPF,27.232344710883652,,,0.07339159615253288,-0.02765545895298871,,0.4,0.5,0.5,0.5577557755775577,0.38235294117647056,0.5,0.42720199961172584
AMGN,44.920016805867974,,,0.0876237041852923,-0.0967427054796769,,0.1384615384615384,0.5,0.5,0.636963696369637,0.27310924369747897,0.5,0.40872242347053067
AMKR,22.4435648057128,,,0.009646697735328447,-0.18294205935675623,,0.5307692307692308,0.5,0.5,0.24422442244224424,0.13865546218487396,0.5,0.25046160352945446
AMRC,30.00479264231725,,,0.13338314974264298,-0.07845851695015449,,0.33461538461538465,0.5,0.5,0.8382838283828383,0.3067226890756303,0.5,0.4916142976611818
AMZN,43.16106186767486,,,0.10735398559596487,0.19726033125687414,,0.1576923076923077,0.5,0.5,0.7161716171617162,0.7773109243697479,0.5,0.5989715695874693
APD,,,,0.054387687621101355,,,0.5,0.5,0.5,0.45544554455445546,0.5,0.5,0.435519801980198
APTV,9.90918095579183,,,0.08070982842127705,0.5289714953001476,,0.8846153846153846,0.5,0.5,0.6039603960396039,0.9495798319327731,0.5,0.6427210869115353
ARE,28.07914354278849,,,0.13095508359757257,-0.22251638784379235,,0.3769230769230769,0.5,0.5,0.8217821782178217,0.10504201680672269,0.5,0.42211529928041286
ARMK,38.868636746634564,,,0.1288651720887679,,,0.18461538461538463,0.5,0.5,0.8118811881188119,0.5,0.5,0.5408485656257934
ATI,36.67728008700381,,,0.15928318356311988,,,0.2269230769230769,0.5,0.5,0.8745874587458746,0.5,0.5,0.5626383599898451
AVGO,268.3577021774385,,,0.2339460034495897,-0.06746804773767434,,0.01538461538461533,0.5,0.5,0.9372937293729373,0.3319327731092437,0.5,0.5213447671528627
AVTR,11.120816303583977,,,-0.027965492549810622,0.06880124070055649,,0.8461538461538461,0.5,0.5,0.12211221122112212,0.542016806722689,0.5,0.3523803923702002
AWI,30.287312646281617,,,0.0931904733993254,0.16762869919517764,,0.32307692307692304,0.5,0.5,0.6600660066006601,0.7605042016806722,0.5,0.5807878817939971
AXTA,16.17784208695652,,,0.061089502009044505,0.16012570694068717,,0.7153846153846154,0.5,0.5,0.49174917491749176,0.7478991596638656,0.5,0.5350651959184283
AZN,39.66882435366027,,,0.13058659987256682,2.8428664217083224,,0.17692307692307696,0.5,0.5,0.8184818481848185,1.0,0.5,0.7052373698908352
AZO,25.75750702632686,,,0.05231525172845841,0.07187148755829886,,0.42692307692307696,0.5,0.5,0.44224422442244227,0.5546218487394958,0.5,0.4465455763417325
BA,,,,0.022148676828922742,,,0.5,0.5,0.5,0.3102310231023102,0.5,0.5,0.3883250825082508
BAC,14.376513141677723,,,0.04566499607635399,-0.033518333725167104,,0.7692307692307692,0.5,0.5,0.41914191419141916,0.3739495798319328,0.5,0.39172909453194843
BBWI,5.732169784461153,,,-0.02493352288737327,-0.08967912138432654,,0.9461538461538461,0.5,0.5,0.1254125412541254,0.2857142857142857,0.5,0.27348801363652847
BBY,17.320321518878103,,,-0.07079233009187003,-0.243114308441569,,0.6807692307692308,0.5,0.5,0.0627062706270627,0.08403361344537816,0.5,0.1787161033491843
BE,,,,0.14877961229787373,,,0.5,0.5,0.5,0.8646864686468647,0.5,0.5,0.5685231023102311
BEP,,,,0.12782213269127496,,,0.5,0.5,0.5,0.801980198019802,0.5,0.5,0.5481435643564356
BIO,,,,-0.04237967784871921,,,0.5,0.5,0.5,0.0924092409240924,0.5,0.5,0.3175330033003301
BIP,46.74161194301994,,,0.2217360822182204,-0.6745127352623324,,0.13076923076923075,0.5,0.5,0.9273927392739274,0.004201680672268907,0.5,0.4154604941748215
BIRD,,,,-0.11896557038055722,,,0.5,0.5,0.5,0.033003300330033,0.5,0.5,0.29822607260726075
BJ,23.079528323387915,,,0.07145908321238958,0.09347190384778692,,0.49615384615384617,0.5,0.5,0.5445544554455446,0.592436974789916,0.5,0.49439400969831965
BK,17.123538677262694,,,0.053101646113992595,0.11881667546251173,,0.6923076923076923,0.5,0.5,0.44884488448844884,0.6596638655462185,0.5,0.49167560017152334
BKH,19.606223537165874,,,0.029655848606196633,0.014927573906107439,,0.6307692307692307,0.5,0.5,0.33003300330033003,0.46638655462184875,0.5,0.3881953306836825
BMBOY,1.2143139591836736,,,0.06421118715850627,-0.06734423678492052,,0.9769230769230769,0.5,0.5,0.5082508250825083,0.33613445378151263,0.5,0.4153226515282427
BNTX,,,,-0.47467440432129027,,,0.5,0.5,0.5,0.0033003300330033004,0.5,0.5,0.2885726072607261
BRKR,57.94184035366932,,,0.11662957823038633,-0.25391638766804214,,0.08846153846153848,0.5,0.5,0.7557755775577558,0.07563025210084033,0.5,0.38148894592109506
BSX,83.70919642718447,,,0.12100979665120737,0.22228876016833943,,0.0692307692307692,0.5,0.5,0.768976897689769,0.8151260504201681,0.5,0.6254744837767552
BURL,35.70414345195666,,,0.04488801321593949,0.08867078741221346,,0.2384615384615385,0.5,0.5,0.4158415841584158,0.5756302521008403,0.5,0.4385103980663095
BV,17.60080578313253,,,0.027126643502253467,-0.2185121936058736,,0.6692307692307693,0.5,0.5,0.3201320132013201,0.11134453781512606,0.5,0.27087090472137065
BWA,29.05118598816568,,,0.06071430444506354,-0.1162686620203196,,0.35769230769230764,0.5,0.5,0.48514851485148514,0.23109243697478993,0.5,0.3530347195999497
BWAY,108.42488462855187,,,0.11414580417832698,,,0.05384615384615388,0.5,0.5,0.7491749174917491,0.5,0.5,0.5161100533130236
BYDDY,3.091417777151317,,,0.5319553483873558,1.3547431076925607,,0.9615384615384616,0.5,0.5,0.9735973597359736,0.9873949579831933,0.5,0.7777071186433446
C,14.40498927487778,,,0.04096755819215803,-0.1765064630361165,,0.7653846153846153,0.5,0.5,0.39933993399339934,0.14705882352941177,0.5,0.3114257500410675
CAG,7.297311544602569,,,0.0022171295540533986,0.0906360222891951,,0.9307692307692308,0.5,0.5,0.21122112211221122,0.5840336134453782,0.5,0.39781676341519095
CAT,23.96921661675315,,,0.08335482544945494,0.22944305067243187,,0.48461538461538467,0.5,0.5,0.6237623762376238,0.8319327731092437,0.5,0.5975881030249114
CCK,27.601881358490566,,,0.011767826606545073,,,0.39230769230769236,0.5,0.5,0.25412541254125415,0.5,0.5,0.36650101548616404
CEG,28.222727033342224,,,0.06249629819833391,,,0.3730769230769231,0.5,0.5,0.504950495049505,0.5,0.5,0.4473781416603199
CFG,14.874053980119283,,,0.05449592930287617,-0.16184689183719791,,0.75,0.5,0.5,0.45874587458745875,0.1722689075630252,0.5,0.3384131375322406
CG,19.03422319090553,,,-0.14956792203446434,-0.30170360387751893,,0.6384615384615384,0.5,0.5,0.0231023102310231,0.0546218487394958,0.5,0.15487573628080326
CHEOY,30.411604587297507,,,0.12439314306741034,0.10573065195637676,,0.3153846153846154,0.5,0.5,0.7871287128712872,0.6239495798319328,0.5,0.5774465989747003
CHKP,25.334476812108313,,,0.057846972606732106,0.07663126364616324,,0.4423076923076923,0.5,0.5,0.4752475247524752,0.5630252100840336,0.5,0.46051556189878845
CHPT,,,,0.20059964694644394,,,0.5,0.5,0.5,0.9075907590759076,0.5,0.5,0.58246699669967
CHWY,35.64761769933136,,,0.09771322581034991,,,0.24230769230769234,0.5,0.5,0.6897689768976898,0.5,0.5,0.5030851739020056
CI,21.28294243447874,,,0.11931555207609978,-0.08306743473377631,,0.5769230769230769,0.5,0.5,0.7623762376237624,0.29411764705882354,0.5,0.470924615085943
CMCSA,6.337207652173913,,,0.020611609169991274,0.11027760066363168,,0.9384615384615385,0.5,0.5,0.297029702970297,0.634453781512605,0.5,0.44234751707232783
CMS,22.631316801595215,,,0.008388972623555091,-0.10655408617247386,,0.523076923076923,0.5,0.5,0.2376237623762376,0.24789915966386555,0.5,0.2835641804322643
CNX,,,,-0.1554948831752857,,,0.5,0.5,0.5,0.019801980198019802,0.5,0.5,0.2939356435643565
COCO,44.2898072633686,,,0.10784243223483125,0.4142376126016323,,0.1461538461538462,0.5,0.5,0.7227722772277227,0.9327731092436975,0.5,0.6512573788083398
COF,29.38427974063158,,,0.08720699860654824,-0.24558813381738331,,0.3538461538461538,0.5,0.5,0.6336633663366337,0.07983193277310924,0.5,0.35201417733887164
COH.AX,46.54910732836205,,,0.12439314306741034,0.10573065195637676,,0.13461538461538458,0.5,0.5,0.7871287128712872,0.6239495798319328,0.5,0.5714209579490592
COR,,,,0.11164216856302245,-0.005345496836891228,,0.5,0.5,0.5,0.7458745874587459,0.42857142857142855,0.5,0.5066949552098067
COST,50.463820493394245,,,0.06640442726947482,0.11467010327399718,,0.10769230769230764,0.5,0.5,0.5214521452145214,0.6470588235294118,0.5,0.4916891417648553
COUR,,,,0.18707338910338933,,,0.5,0.5,0.5,0.8943894389438944,0.5,0.5,0.5781765676567657
CPB,15.582430830564784,,,0.061920271398032245,-0.06983666625879881,,0.7346153846153847,0.5,0.5,0.49834983498349833,0.3277310924369748,0.5,0.4012968142321666
CRCL,138.11361411217536,,,1.703023671855453,,,0.04230769230769227,0.5,0.5,0.9966996699669967,0.5,0.5,0.5961709824828636
CRM,37.31034965305793,,,0.12673656504188213,0.6216967263639261,,0.21923076923076923,0.5,0.5,0.7986798679867987,0.9705882352941176,0.5,0.6906531592073235
CRS,44.22347982978724,,,0.16145870753756064,,,0.15000000000000002,0.5,0.5,0.8811881188118812,0.5,0.5,0.5622194719471947
CSCO,29.89995987740668,,,0.03192384157728467,0.005284113952334746,,0.3423076923076923,0.5,0.5,0.3465346534653465,0.4495798319327731,0.5,0.37848079749797864
CTAS,42.04310648955653,,,0.09598334537578124,0.14556723410783046,,0.16153846153846152,0.5,0.5,0.6798679867986799,0.7310924369747899,0.5,0.5722800864443264
CTRI,,,,0.06902484616941185,,,0.5,0.5,0.5,0.5379537953795379,0.5,0.5,0.46233498349834984
CTSH,15.981200457142856,,,0.021663090216802017,0.03642401405072615,,0.7192307692307692,0.5,0.5,0.30363036303630364,0.4957983193277311,0.5,0.39212201407600367
CUBE,21.690710240809857,,,0.09033646199824541,0.1629234802558881,,0.5538461538461539,0.5,0.5,0.6501650165016502,0.7521008403361344,0.5,0.5825312752671518
CUBI,12.709306911924351,,,-0.0280699158885368,-0.17166489064879875,,0.8,0.5,0.5,0.1188118811881188,0.15546218487394958,0.5,0.22413907147017226
CVNA,176.9853513142857,,,0.021863840095827092,,,0.02692307692307694,0.5,0.5,0.3069306930693069,0.5,0.5,0.371483244478294
CVS,21.79825330212397,,,0.0847079559196946,-0.15113569590391307,,0.55,0.5,0.5,0.6270627062706271,0.18487394957983194,0.5,0.3905460798180659
DD,24.313083994310098,,,-0.004797770906486476,-0.08177344301812761,,0.46153846153846156,0.5,0.5,0.18151815181518152,0.29831932773109243,0.5,0.2796651295704878
DE,18.151287851267604,,,0.0549086214090071,0.10365317647614058,,0.6615384615384615,0.5,0.5,0.46204620462046203,0.6176470588235294,0.5,0.48128492600391265
DELL,19.92794625783972,,,-0.018899632586211856,-0.0332159708279719,,0.6038461538461539,0.5,0.5,0.1419141914191419,0.37815126050420167,0.5,0.29748281033662516
DEMANT.CO,20.007461965647256,,,0.07782264503650937,0.00895385707470564,,0.6,0.5,0.5,0.5808580858085809,0.46218487394957986,0.5,0.4673222952547356
DEO,22.773171874256583,,,-0.004422598063751226,-0.1460298501736238,,0.5115384615384615,0.5,0.5,0.1848184818481848,0.19327731092436976,0.5,0.24826574803569562
DGICA,13.741009501506147,,,0.0662064446677535,0.22613355997176865,,0.7846153846153846,0.5,0.5,0.5181518151815182,0.8235294117647058,0.5,0.5705335782447022
DGX,24.154662208955223,,,-0.029144184749471114,-0.21116995536412997,,0.47307692307692306,0.5,0.5,0.11551155115511551,0.12184873949579832,0.5,0.2012446585641111
DHR,40.88910631854321,,,-0.012617196817318876,-0.15294969100197464,,0.16923076923076918,0.5,0.5,0.1551155115511551,0.18067226890756302,0.5,0.2231053876234424
DIS,38.27660594046662,,,0.10661102641410714,0.352255447412791,,0.2038461538461539,0.5,0.5,0.7095709570957096,0.9033613445378151,0.5,0.6393312031591006
DKS,17.01398810271619,,,0.03024412350989847,-0.07457050268394216,,0.6961538461538461,0.5,0.5,0.3333333333333333,0.3235294117647059,0.5,0.3450188536953243
DORM,21.919388981284605,,,0.1430711956075501,0.14312839162112057,,0.5423076923076924,0.5,0.5,0.8547854785478548,0.7184873949579832,0.5,0.6377239402996537
DOV,9.338390568330883,,,-0.006841110363860814,0.35848198803869114,,0.8961538461538462,0.5,0.5,0.1782178217821782,0.907563025210084,0.5,0.49108390347761344
DUOL,96.46399891616049,,,0.43950163624600047,,,0.05769230769230771,0.5,0.5,0.966996699669967,0.5,0.5,0.5870303376491496
EBAY,19.807899285063293,,,-0.004401946267355572,-0.4239190923012832,,0.6115384615384616,0.5,0.5,0.18811881188118812,0.03361344537815126,0.5,0.20078093232723404
EIX,14.606228698576972,,,0.05694406308602229,0.1852357593194971,,0.7576923076923077,0.5,0.5,0.46534653465346537,0.7689075630252101,0.5,0.5347223253353132
EL,,,,-0.06871717508347619,,,0.5,0.5,0.5,0.066006600660066,0.5,0.5,0.30895214521452147
ENPH,37.50849367803776,,,-0.012619797304100677,-0.11326122794488169,,0.2153846153846154,0.5,0.5,0.15181518151815182,0.23949579831932774,0.5,0.24268888896000135
ENR,43.91763317585302,,,-0.015063885917430353,-0.3700394750525634,,0.15384615384615385,0.5,0.5,0.1485148514851485,0.037815126050420166,0.5,0.17401878116059827
ENS,13.88043563583378,,,0.02519970345900102,0.38824141360505937,,0.7807692307692308,0.5,0.5,0.31353135313531355,0.9159663865546218,0.5,0.5339457397582034
EPAM,21.94473635137603,,,0.07952535352044943,-0.02363725995128063,,0.5384615384615384,0.5,0.5,0.594059405940594,0.3949579831932773,0.5,0.44771270275055947
EQT,165.28870039943274,,,-0.08601622102304607,,,0.0346153846153846,0.5,0.5,0.04950495049504951,0.5,0.5,0.2880762883980706
ERIE,25.096460638932292,,,0.1310194348901894,0.26286709581142764,,0.44999999999999996,0.5,0.5,0.8250825082508251,0.8613445378151261,0.5,0.6714221233047675
ETN,36.516153083816555,,,0.0822139755779765,0.2103808196736361,,0.23076923076923073,0.5,0.5,0.6171617161716172,0.7983193277310925,0.5,0.5760569802940216
ETSY,19.228210722069633,,,0.06435352032657526,-0.12045634407313888,,0.6346153846153846,0.5,0.5,0.5115511551155115,0.21428571428571427,0.5,0.3653841620425779
EXAS,,,,0.16008802596788452,,,0.5,0.5,0.5,0.8778877887788779,0.5,0.5,0.5728135313531353
EXC,18.92798563902439,,,0.08682778744301811,0.12082793188263485,,0.6423076923076922,0.5,0.5,0.6303630363036303,0.6722689075630253,0.5,0.5530989715002528
F,9.085253366899133,,,0.10707104186727401,-0.30922206284390163,,0.9076923076923077,0.5,0.5,0.7128712871287128,0.046218487394957986,0.5,0.38529392030993664
FDX,15.480973137829912,,,-0.020322071995889424,0.05395483964007641,,0.7384615384615385,0.5,0.5,0.1353135313531353,0.5168067226890757,0.5,0.34488780051243656
FF.MI,27.37228445885477,,,0.07749868472293486,,,0.3961538461538462,0.5,0.5,0.570957095709571,0.5,0.5,0.4695995176440721
FI,10.959741506228042,,,0.08028019575952694,0.39332938718848487,,0.8538461538461538,0.5,0.5,0.5973597359735974,0.9201680672268907,0.5,0.6299914078350304
FIS,23.50328019862069,,,0.027369838399798674,0.5677042157118901,,0.49230769230769234,0.5,0.5,0.3234323432343234,0.9537815126050421,0.5,0.5398380928913835
FIVE,31.844253569442966,,,0.1081952472236698,-0.025405713838831057,,0.29230769230769227,0.5,0.5,0.7326732673267327,0.3907563025210084,0.5,0.4831915332774389
FLUT,333.17547919266053,,,0.19134991151579084,,,0.011538461538461497,0.5,0.5,0.9042904290429042,0.5,0.5,0.5651123381568927
FMC,5.169551873350923,,,-0.05585808824208871,-0.2185121936058736,,0.9538461538461538,0.5,0.5,0.08250825082508251,0.11134453781512606,0.5,0.20313036143627294
FNB,12.430805058064516,,,0.0886486268752602,0.008000340000481332,,0.8076923076923077,0.5,0.5,0.6402640264026402,0.4579831932773109,0.5,0.4921867566523944
FOUR,28.407557351916378,,,0.3454422071157097,,,0.3653846153846154,0.5,0.5,0.9570957095709571,0.5,0.5,0.5940689261233816
FRFHF,9.135753325247103,,,0.033048301726729123,0.10270231642073169,,0.9038461538461539,0.5,0.5,0.35973597359735976,0.6134453781512605,0.5,0.4547454777798401
FSLR,21.575511125008127,,,0.1289414726109206,0.39880194294827365,,0.5615384615384615,0.5,0.5,0.8151815181518152,0.9285714285714286,0.5,0.6937709897363362
FULT,11.101705807586677,,,0.07934282083890043,-0.008247798254187533,,0.85,0.5,0.5,0.5907590759075908,0.41596638655462187,0.5,0.46385244196688585
GAP,10.650023431279621,,,-0.03273345315357368,0.48792041270181397,,0.8653846153846154,0.5,0.5,0.10231023102310231,0.9411764705882353,0.5,0.47631266520317195
GATX,19.733818550316677,,,0.08034947059291153,0.245196083008139,,0.6230769230769231,0.5,0.5,0.6006600660066007,0.8403361344537815,0.5,0.5974263292521883
GE,48.79720992800488,,,-0.11832653467249132,,,0.11923076923076925,0.5,0.5,0.036303630363036306,0.5,0.5,0.28660637217567914
GEN,25.8435686718507,,,0.12064792126134516,-0.10279789798545258,,0.42307692307692313,0.5,0.5,0.7656765676567657,0.25630252100840334,0.5,0.45457910125207734
GEV,95.22614103092783,,,0.019113647309752624,,,0.06538461538461537,0.5,0.5,0.2871287128712871,0.5,0.5,0.36632965219598884
GM,11.215142519307589,,,0.13854404662130015,-0.01649477028567614,,0.8423076923076923,0.5,0.5,0.8481848184818482,0.39915966386554624,0.5,0.5417972131731597
GMED,110.80485605530956,,,0.3802546122040127,-0.1992124871866241,,0.050000000000000044,0.5,0.5,0.9603960396039604,0.12605042016806722,0.5,0.46309509942590904
GOOGL,33.73145343023233,,,0.10754330242226517,0.12605005014260273,,0.26538461538461533,0.5,0.5,0.7194719471947195,0.6848739495798319,0.5,0.5735919036312164
GS,17.261594109274306,,,-0.03386684400278661,-0.11991919658837069,,0.6884615384615385,0.5,0.5,0.09900990099009901,0.2184873949579832,0.5,0.234468672465178
GSK,37.89170946485437,,,0.0830711475662369,-0.16740400075549078,,0.20769230769230773,0.5,0.5,0.6204620462046204,0.16806722689075632,0.5,0.3715284240124077
HAL,9.259238922031187,,,0.14473918947053788,0.2033082987749839,,0.9,0.5,0.5,0.8613861386138614,0.7857142857142857,0.5,0.6736409712399811
HBAN,12.808579430927836,,,0.07221956269893393,0.10864736967097355,,0.7961538461538462,0.5,0.5,0.5511551155115512,0.6302521008403361,0.5,0.5188291401861582
HCSG,31.14815190899648,,,0.014747902117420608,-0.03981560918939575,,0.3076923076923077,0.5,0.5,0.26732673267326734,0.3697478991596639,0.5,0.32563899893544623
HIG,11.942283643844423,,,0.06815497099282908,0.1451560044252993,,0.823076923076923,0.5,0.5,0.5313531353135313,0.726890756302521,0.5,0.5446984955444477
HOG,6.543300452172691,,,-0.009427514958085026,-0.06478403834268764,,0.9346153846153846,0.5,0.5,0.16501650165016502,0.3445378151260504,0.5,0.3050923324394495
HOLX,,,,-0.10556140278513515,-0.21560150877035156,,0.5,0.5,0.5,0.0429042904290429,0.11764705882352941,0.5,0.177179188507086
HON,22.466994369851008,,,0.03830970182245874,0.03028457239004223,,0.5269230769230769,0.5,0.5,0.38943894389438943,0.48739495798319327,0.5,0.4108684540076503
HSY,16.24753913649094,,,0.07683591344994745,0.15194638357620605,,0.7115384615384616,0.5,0.5,0.5676567656765676,0.7394957983193278,0.5,0.556875865349948
HUM,24.083013991714996,,,0.12338739868414739,-0.23985475337148343,,0.4769230769230769,0.5,0.5,0.7722772277227723,0.09243697478991597,0.5,0.40526288504739294
HWM,70.63090623722944,,,0.1432798904383381,0.6770463344160211,,0.07692307692307687,0.5,0.5,0.858085808580858,0.9747899159663865,0.5,0.7065820463752903
IBAB.BR,34.09155430671134,,,0.16759067497655256,0.33883768202830167,,0.2615384615384615,0.5,0.5,0.8877887788778878,0.8991596638655462,0.5,0.6978095259428981
IBM,48.029531425535446,,,0.030460065935723035,0.0062017089082269106,,0.12307692307692308,0.5,0.5,0.33993399339933994,0.453781512605042,0.5,0.37039343688732157
IDCC,24.762548612156802,,,0.2685971068871069,0.9888265825053164,,0.4538461538461539,0.5,0.5,0.9504950495049505,0.9831932773109243,0.5,0.7519102446766978
INCY,643.5640474628239,,,0.12405428659428486,-0.6661506699709598,,0.007692307692307665,0.5,0.5,0.7755775577557755,0.008403361344537815,0.5,0.36338354229734543
INTC,,,,-0.12411337018932977,,,0.5,0.5,0.5,0.0297029702970297,0.5,0.5,0.2971534653465347
INVH,38.41532784187417,,,0.09465479470369598,0.1803380350230399,,0.19999999999999996,0.5,0.5,0.66996699669967,0.7647058823529411,0.5,0.5812686856920986
IQV,28.045234435542607,,,0.0355077115784328,0.14446232479815646,,0.38076923076923075,0.5,0.5,0.36633663366336633,0.7226890756302521,0.5,0.47495899654606705
ITW,20.455874935779818,,,0.032226011590597015,0.11179295381557308,,0.5884615384615385,0.5,0.5,0.34983498349834985,0.6428571428571429,0.5,0.4505736590142531
J,22.896897266196333,,,-0.06549759934304067,0.2540242972027136,,0.5076923076923077,0.5,0.5,0.06930693069306931,0.8529411764705882,0.5,0.42498704508459895
JNJ,33.425417027157685,,,0.040974479889682724,-0.09676376181013724,,0.28076923076923077,0.5,0.5,0.40264026402640263,0.2689075630252101,0.5,0.33594535148408183
JPM,14.582267175180858,,,0.11667153163692667,0.08743270751737575,,0.7615384615384615,0.5,0.5,0.759075907590759,0.5714285714285714,0.5,0.5661319043992311
KEYS,50.57304182410424,,,0.0025570395955303304,-0.09986058004522536,,0.10384615384615381,0.5,0.5,0.2145214521452145,0.2605042016806723,0.5,0.266178209288285
KHC,10.81642915451895,,,-0.002515088253488673,0.39845744368890146,,0.8615384615384616,0.5,0.5,0.19801980198019803,0.9243697478991597,0.5,0.5018278857620733
KMT,22.748272708724834,,,-0.007612586570863056,0.2852528530016034,,0.5153846153846153,0.5,0.5,0.1716171617161716,0.8739495798319328,0.5,0.4653220115159545
KN,,,,-0.13930498093364807,,,0.5,0.5,0.5,0.026402640264026403,0.5,0.5,0.2960808580858086
KO,28.87229135622237,,,0.06778830000791425,0.030060747974675284,,0.3615384615384616,0.5,0.5,0.528052805280528,0.4831932773109244,0.5,0.4490395922268375
KOP,10.941127328244274,,,0.07616386874173564,-0.14047619656615906,,0.8576923076923078,0.5,0.5,0.5643564356435643,0.20168067226890757,0.5,0.38588513699463034
KSS,18.281540110091743,,,-0.058444500127734944,-0.46528461239012275,,0.6576923076923077,0.5,0.5,0.07590759075907591,0.025210084033613446,0.5,0.16311965456403427
KWR,20.805396797092005,,,0.0146473555967086,-0.013939100199574228,,0.5807692307692307,0.5,0.5,0.264026402640264,0.40336134453781514,0.5,0.3445933255251834
LH,29.92734438605898,,,-0.0032382211969773644,-0.28771212547918146,,0.3384615384615385,0.5,0.5,0.19141914191419143,0.058823529411764705,0.5,0.20094425279632033
LI,2.5811008494400767,,,0.7488080316039747,,,0.9653846153846154,0.5,0.5,0.9867986798679867,0.5,0.5,0.6237223914699161
LMND,,,,0.6005814670083849,,,0.5,0.5,0.5,0.9801980198019802,0.5,0.5,0.6060643564356435
LMT,19.843141085457273,,,0.019499753335356917,-0.006755970694940938,,0.6076923076923078,0.5,0.5,0.29042904290429045,0.42436974789915966,0.5,0.3608993506008649
LNC,2.392362132519084,,,0.007218430629182926,0.33021500361391554,,0.9692307692307692,0.5,0.5,0.23432343234323433,0.8949579831932774,0.5,0.5076574856903919
LOW,18.823135323846486,,,-0.045601098369819404,0.0049464943359969205,,0.6461538461538461,0.5,0.5,0.0891089108910891,0.44537815126050423,0.5,0.3035800900710627
LRLCY,34.62380941907095,,,0.10435125468441253,0.13317588507892175,,0.25384615384615383,0.5,0.5,0.7013201320132013,0.6953781512605042,0.5,0.5707218138588261
LYV,35.52233832243466,,,0.5458434725995178,,,0.24615384615384617,0.5,0.5,0.976897689768977,0.5,0.5,0.5965302107133791
M,9.485357745704468,,,-0.03244684714158308,-0.2333253104336961,,0.8884615384615384,0.5,0.5,0.10561056105610561,0.09663865546218488,0.5,0.20367971331716234
MA,38.815615144943294,,,0.14256837911045106,0.16532237414843198,,0.1923076923076923,0.5,0.5,0.8514851485148515,0.7563025210084033,0.5,0.6372745823386474
MAA,29.80380530876156,,,0.07208986008159868,-0.009468886192401937,,0.34615384615384615,0.5,0.5,0.5478547854785478,0.4117647058823529,0.5,0.43174812956408765
MAN,9.417375492763611,,,-0.04848192182493005,-0.24307673294696697,,0.8923076923076922,0.5,0.5,0.0858085808580858,0.08823529411764706,0.5,0.19464118244403628
MAS,15.740143182481752,,,-0.022263112236309057,0.3153321822528141,,0.726923076923077,0.5,0.5,0.12871287128712872,0.8823529411764706,0.5,0.4611604916147724
MCD,26.707739116137663,,,0.03730430836935339,0.041657145007574226,,0.4076923076923077,0.5,0.5,0.3795379537953795,0.5,0.5,0.4077729119065753
MCK,31.680380853414263,,,0.1079905331890676,0.5230207249378935,,0.30000000000000004,0.5,0.5,0.7293729372937293,0.9453781512605042,0.5,0.6626274371134592
MDT,26.520327797511797,,,0.019104996811027286,-0.010782511350259871,,0.4115384615384615,0.5,0.5,0.2838283828382838,0.40756302521008403,0.5,0.3467534896670016
MGM,12.130066615052012,,,0.2121502368439423,-0.0027397397561019776,,0.8192307692307692,0.5,0.5,0.9108910891089109,0.4369747899159664,0.5,0.5736974363241107
MRK,13.587541128936145,,,0.09627108025433695,0.09484944490057012,,0.7884615384615384,0.5,0.5,0.6831683168316832,0.5966386554621849,0.5,0.5505526506108918
MRNA,,,,-0.43499426858071033,,,0.5,0.5,0.5,0.006600660066006601,0.5,0.5,0.28964521452145214
MSA,22.12004146445027,,,0.08896984694256749,1.3756453224005338,,0.5346153846153846,0.5,0.5,0.6435643564356436,0.9915966386554622,0.5,0.6575811695584555
MSFT,37.13634329421007,,,0.12423114652863054,0.12197439102494667,,0.22307692307692306,0.5,0.5,0.7788778877887789,0.6764705882352942,0.5,0.5887574854770544
MU,30.958846830776437,,,0.06713489726936261,-0.0068760232292961465,,0.31153846153846154,0.5,0.5,0.5247524752475248,0.42016806722689076,0.5,0.4258171250221338
NDAQ,44.851511692032226,,,0.07928751683491209,-0.06630363539297901,,0.14230769230769236,0.5,0.5,0.5874587458745875,0.3403361344537815,0.5,0.414610259183643
NEE,25.392487417218543,,,0.13189616325767117,0.23104508631579113,,0.4346153846153846,0.5,0.5,0.8316831683168316,0.8361344537815126,0.5,0.6648612400024747
NFLX,56.13547742231047,,,0.09509084302155602,0.20641109367935284,,0.09615384615384615,0.5,0.5,0.6765676567656765,0.7941176470588235,0.5,0.589511185281424
NIO,,,,0.22070181562686542,,,0.5,0.5,0.5,0.9207920792079208,0.5,0.5,0.5867574257425742
NKE,30.00716621062442,,,-0.002869856686446237,-0.1725273402717501,,0.3307692307692308,0.5,0.5,0.19471947194719472,0.15126050420168066,0.5,0.23180246660735887
NNE,,,,,,,0.5,0.5,0.5,0.5,0.5,0.5,0.45
NRG,28.303010474666667,,,0.013898108736443815,-0.1681649417751634,,0.36923076923076925,0.5,0.5,0.2607260726072607,0.1638655462184874,0.5,0.2586333017593938
NSRGY,24.241993102535833,,,0.015940576943978657,-0.11573900972331042,,0.4653846153846154,0.5,0.5,0.2706270627062706,0.23529411764705882,0.5,0.2882705374609859
NUTX,11.711921815234769,,,0.13124516498821115,-0.3077339466645551,,0.8269230769230769,0.5,0.5,0.8283828382838284,0.05042016806722689,0.5,0.4215084129615289
NVDA,61.98162518551043,,,0.6925470878444981,0.9657422131180677,,0.08461538461538465,0.5,0.5,0.9834983498349835,0.9789915966386554,0.5,0.7489630787577788
NVRI,,,,0.08219017194059974,,,0.5,0.5,0.5,0.6138613861386139,0.5,0.5,0.48700495049504955
NWBI,17.27941921458346,,,0.008848425349443856,-0.13485463206639237,,0.6846153846153846,0.5,0.5,0.24092409240924093,0.20588235294117646,0.5,0.2763659408927318
OFLX,15.645246585988675,,,-0.07866004912442293,-0.11864903415001571,,0.7307692307692308,0.5,0.5,0.052805280528052806,0.226890756302521,0.5,0.22359351966224417
OKLO,,,,,,,0.5,0.5,0.5,0.5,0.5,0.5,0.45
OLLI,38.535449504910844,,,0.0902441177447979,0.10139370828323724,,0.19615384615384612,0.5,0.5,0.6468646864686468,0.6092436974789915,0.5,0.5231070196547773
OR.PA,30.25853578292009,,,0.10435125468441253,0.13317588507892175,,0.32692307692307687,0.5,0.5,0.7013201320132013,0.6953781512605042,0.5,0.5731577112947236
ORCL,50.126570829542715,,,0.10588419257288817,0.21444682516216673,,0.11153846153846159,0.5,0.5,0.7062706270627063,0.8067226890756303,0.5,0.6037741097962415
PANW,123.68873874592116,,,0.18788250033170906,,,0.0461538461538461,0.5,0.5,0.8976897689768977,0.5,0.5,0.5641209697892866
PAYX,24.174993369939056,,,0.06506364053715852,0.06020579977055718,,0.46923076923076923,0.5,0.5,0.5148514851485149,0.5294117647058824,0.5,0.46335991517703806
PCG,14.642529834394905,,,0.0576095580374556,,,0.7538461538461538,0.5,0.5,0.47194719471947194,0.5,0.5,0.44934437674536687
PENN,,,,0.036637359692537785,,,0.5,0.5,0.5,0.37293729372937295,0.5,0.5,0.4087046204620462
PEP,20.759928970557528,,,0.04944012948116239,0.08218572452236805,,0.5846153846153845,0.5,0.5,0.42574257425742573,0.5672268907563025,0.5,0.4505355889499745
PFE,18.5374178099863,,,-0.07840876391375406,-0.28714572384778747,,0.6538461538461539,0.5,0.5,0.056105610561056105,0.06302521008403361,0.5,0.16884572183785929
PG,21.614857134844122,,,0.01674893047051751,0.03591676391671261,,0.5576923076923077,0.5,0.5,0.2739273927392739,0.49159663865546216,0.5,0.3757183871263661
PHM,7.578859781620894,,,0.09320003661654352,0.25822532637881435,,0.926923076923077,0.5,0.5,0.6633663366336634,0.8571428571428571,0.5,0.6333962572081384
PLNT,53.100020506620474,,,0.26263668694170894,0.5795812155314903,,0.09999999999999998,0.5,0.5,0.9471947194719472,0.9621848739495799,0.5,0.7322150345286629
PLTR,897.134085705013,,,0.2294648620989339,,,0.0038461538461538325,0.5,0.5,0.933993399339934,0.5,0.5,0.574509393247017
PNC,12.364078905077262,,,0.02699204452767634,0.026812060610109878,,0.8115384615384615,0.5,0.5,0.31683168316831684,0.47058823529411764,0.5,0.3912960888849066
PPG,19.711409089605734,,,-0.019358155108996078,-0.07668777683368078,,0.6269230769230769,0.5,0.5,0.13861386138613863,0.31092436974789917,0.5,0.2753306943493315
PPL,30.385119711711713,,,0.1352894695951603,,,0.3192307692307692,0.5,0.5,0.8448844884488449,0.5,0.5,0.5560618177202336
PRGO,,,,0.018556405995407754,,,0.5,0.5,0.5,0.28052805280528054,0.5,0.5,0.37867161716171616
PWR,71.7592922557315,,,0.22176938770060395,0.21316686230111515,,0.07307692307692304,0.5,0.5,0.9306930693069307,0.8025210084033614,0.5,0.6740638060250758
QCOM,33.72461152282981,,,0.0006330832838727929,0.043932378840439545,,0.2692307692307693,0.5,0.5,0.20462046204620463,0.5042016806722689,0.5,0.3476748886911962
QRVO,143.97405937247146,,,-0.07148247050912926,-0.6044029013620208,,0.038461538461538436,0.5,0.5,0.0594059405940594,0.012605042016806723,0.5,0.1330189539639161
QS,,,,,,,0.5,0.5,0.5,0.5,0.5,0.5,0.45
QVCGA,,,,-0.10593100498826913,,,0.5,0.5,0.5,0.039603960396039604,0.5,0.5,0.3003712871287129
RDN,7.967636185560188,,,-0.009715248158492673,0.07473526860548385,,0.9192307692307692,0.5,0.5,0.1617161716171617,0.5588235294117647,0.5,0.3731497618087601
REGN,16.730859520464126,,,-0.04038749873780356,-0.18802376161008327,,0.7076923076923076,0.5,0.5,0.09570957095709572,0.13025210084033614,0.5,0.20536062025724228
RGEN,,,,-0.018275364639732894,,,0.5,0.5,0.5,0.14521452145214522,0.5,0.5,0.33469471947194723
RICOY,0.11096007455862084,,,0.12857554692571527,0.19869800391375936,,0.9884615384615385,0.5,0.5,0.8052805280528053,0.7815126050420168,0.5,0.6569898195378683
RIVN,,,,3.4874321979996727,,,0.5,0.5,0.5,1.0,0.5,0.5,0.6125
RJF,,,,0.0948689567999581,0.13720418596099937,,0.5,0.5,0.5,0.6732673267326733,0.7058823529411765,0.5,0.5732236458940012
RMD,26.409908779965775,,,0.12879187738214926,0.2851009341038362,,0.41538461538461535,0.5,0.5,0.8085808580858086,0.8697478991596639,0.5,0.6676363332842657
ROIV,,,,-0.19302774192181382,,,0.5,0.5,0.5,0.013201320132013201,0.5,0.5,0.2917904290429043
ROP,31.33039203769444,,,0.1334739474182005,0.09736592532721278,,0.3038461538461539,0.5,0.5,0.8415841584158416,0.6008403361344538,0.5,0.5872494991903844
ROST,25.251459048275006,,,0.03756706827014811,0.09082147307023769,,0.4461538461538461,0.5,0.5,0.38283828382838286,0.5882352941176471,0.5,0.438804041037588
RSI,1656.2295209380234,,,0.23708414672456013,,,0.0,0.5,0.5,0.9405940594059405,0.5,0.5,0.576526402640264
RTX,49.31142654713029,,,0.07834488811442708,0.1168203045122782,,0.11538461538461542,0.5,0.5,0.5841584158415841,0.6554621848739496,0.5,0.5150561824120357
RUN,,,,0.08170858328657626,,,0.5,0.5,0.5,0.6105610561056105,0.5,0.5,0.48593234323432344
SBUX,,,,0.07573704122473357,-0.1704176721666829,,0.5,0.5,0.5,0.5610561056105611,0.15966386554621848,0.5,0.35923399062595335
SEDG,,,,-0.22860355248108644,,,0.5,0.5,0.5,0.009900990099009901,0.5,0.5,0.29071782178217825
SEIC,17.43292911280457,,,0.034722143156947105,0.04921748490702549,,0.676923076923077,0.5,0.5,0.36303630363036304,0.5084033613445378,0.5,0.41411532701427867
SEM,7.6359907679944685,,,-0.057953370327319176,-0.17719433213333557,,0.9230769230769231,0.5,0.5,0.07920792079207921,0.14285714285714285,0.5,0.2112737097885613
SHOP,95.75243747597821,,,0.24407264966061937,-0.12624912441553016,,0.06153846153846154,0.5,0.5,0.9438943894389439,0.21008403361344538,0.5,0.48542760287664194
SHW,31.816653819646454,,,0.05015357647474872,0.14578808393589227,,0.2961538461538461,0.5,0.5,0.43234323432343236,0.7352941176470589,0.5,0.4976872675955379
SLDP,,,,0.9509646733180819,,,0.5,0.5,0.5,0.9900990099009901,0.5,0.5,0.6092821782178217
SMR,,,,1.3479381723676487,,,0.5,0.5,0.5,0.9933993399339934,0.5,0.5,0.6103547854785479
SNN,34.241536,,,0.03686904341683994,-0.07537887646886876,,0.25769230769230766,0.5,0.5,0.37623762376237624,0.31932773109243695,0.5,0.3429818172508912
SNY,23.01033936115108,,,0.041723553016139725,-0.02616488100164649,,0.5038461538461538,0.5,0.5,0.40594059405940597,0.3865546218487395,0.5,0.3826891502983525
SO,23.025375949102475,,,0.049578795021417044,0.2146435864561691,,0.5,0.5,0.5,0.429042904290429,0.8109243697478992,0.5,0.5279893640624566
SONY,0.15556674018220043,,,0.09305722538118655,0.09848511615442801,,0.9846153846153847,0.5,0.5,0.6567656765676567,0.6050420168067226,0.5,0.5512413465005195
SOON.SW,24.063759393154488,,,0.04741097884382506,-0.04519828729279718,,0.4807692307692307,0.5,0.5,0.42244224422442245,0.36134453781512604,0.5,0.3790896785218276
STBA,11.296551677903478,,,0.04047473165655724,0.06956649883454258,,0.8384615384615385,0.5,0.5,0.39603960396039606,0.5462184873949579,0.5,0.4425159309725413
STEM,,,,0.04315751802267087,,,0.5,0.5,0.5,0.41254125412541254,0.5,0.5,0.4215759075907591
SVNDY,0.182176491829801,,,0.11019572789742682,-0.05745241581934635,,0.9807692307692307,0.5,0.5,0.7425742574257426,0.35294117647058826,0.5,0.49706815704194857
SWKS,21.357718884929785,,,-0.09344825684967506,-0.2671255056326137,,0.5692307692307692,0.5,0.5,0.0462046204620462,0.07142857142857142,0.5,0.16553847967214302
SYK,47.59085058737053,,,0.0971627003159552,0.14109628465877821,,0.12692307692307692,0.5,0.5,0.6864686468646864,0.7142857142857143,0.5,0.5678092699379829
SYY,19.793621986870896,,,0.058369827149891584,0.12028878543683175,,0.6153846153846154,0.5,0.5,0.47854785478547857,0.6638655462184874,0.5,0.5001305091724427
T,16.736098864450128,,,-0.029991710302717633,-0.18672860022549775,,0.7038461538461538,0.5,0.5,0.11221122112211221,0.13445378151260504,0.5,0.2119609976511549
TBCH,17.76808947661126,,,0.005800356590186073,-0.09969979984431465,,0.6653846153846155,0.5,0.5,0.22442244224422442,0.2647058823529412,0.5,0.28947952600689936
TD,15.857571814521602,,,0.09999970018029236,-0.1510269927004173,,0.7230769230769231,0.5,0.5,0.6963696369636964,0.18907563025210083,0.5,0.42020560928103157
TDOC,,,,0.08125662676673873,,,0.5,0.5,0.5,0.6072607260726073,0.5,0.5,0.4848597359735974
TDUP,,,,0.010790301495704924,,,0.5,0.5,0.5,0.24752475247524752,0.5,0.5,0.36794554455445544
TDY,29.7074475,,,0.071089455868792,0.22485940543705185,,0.35,0.5,0.5,0.5412541254125413,0.819327731092437,0.5,0.562189103364118
TFC,12.157885263594853,,,-0.15866574902817654,-0.09345873311927855,,0.8153846153846154,0.5,0.5,0.0165016501650165,0.2815126050420168,0.5,0.23236745345510634
TFX,70.40024617151059,,,0.027448239637462235,-0.4764040182552518,,0.08076923076923082,0.5,0.5,0.32673267326732675,0.02100840336134454,0.5,0.22404149092995918
TGT,10.167611635296993,,,0.0017609649149730178,-0.14513221052229275,,0.8769230769230769,0.5,0.5,0.2079207920792079,0.19747899159663865,0.5,0.2693190322587527
THC,5.40382848,,,0.01979215445595961,0.5689303035820328,,0.95,0.5,0.5,0.29372937293729373,0.957983193277311,0.5,0.5468065840197466
TJX,33.67188884210526,,,0.050978705767638965,0.15899000609850344,,0.27692307692307694,0.5,0.5,0.4389438943894389,0.7436974789915967,0.5,0.5019225489129391
TM,0.05582237850565551,,,0.1525037883360394,0.20552672395961125,,0.9961538461538462,0.5,0.5,0.8679867986798679,0.7899159663865546,0.5,0.6803568601850489
TMC,,,,,,,0.5,0.5,0.5,0.5,0.5,0.5,0.45
TMO,35.274744241199684,,,0.030257006481970494,-0.0545718967987171,,0.25,0.5,0.5,0.33663366336633666,0.35714285714285715,0.5,0.3421440358321547
TMUS,21.312685481259372,,,0.005305600136728872,0.588493551316484,,0.573076923076923,0.5,0.5,0.22112211221122113,0.9663865546218487,0.5,0.5133762141566451
TOL,8.194911944093509,,,0.07258282818998185,0.31152520932905947,,0.9153846153846154,0.5,0.5,0.5544554455445545,0.8781512605042017,0.5,0.6044433333119996
TSCO,26.85586267117068,,,0.053441380857558896,0.05657751193926153,,0.40384615384615385,0.5,0.5,0.4521452145214521,0.5252100840336135,0.5,0.4394353438252681
TSLA,188.5128425380084,,,0.21981528090391333,0.06044403165851664,,0.023076923076923106,0.5,0.5,0.9174917491749175,0.5336134453781513,0.5,0.5807117523323114
TSM,1.2597145368057914,,,0.22166296051413248,0.2528545511629232,,0.9730769230769231,0.5,0.5,0.9240924092409241,0.8487394957983193,0.5,0.7169395999069849
TSN,40.88053414345992,,,0.00719878201118096,-0.354032919854644,,0.17307692307692313,0.5,0.5,0.22772277227722773,0.04201680672268908,0.5,0.20176792727753706
TXRH,25.497831915718002,,,0.15759734122808422,0.2268465078544395,,0.4307692307692308,0.5,0.5,0.8712871287128713,0.8277310924369747,0.5,0.6748732295660077
UGI,27.708444550185874,,,-0.010722867561109184,-0.43442673798880627,,0.3884615384615384,0.5,0.5,0.15841584158415842,0.029411764705882353,0.5,0.18232602332631453
UHS,12.501590768559938,,,0.07779165730144944,0.126936296189869,,0.8038461538461539,0.5,0.5,0.5775577557755776,0.6890756302521008,0.5,0.5467840555872006
UL,25.876286038997215,,,0.05029113873028712,-0.004310398332281418,,0.4192307692307692,0.5,0.5,0.43564356435643564,0.4327731092436975,0.5,0.4045431112277356
ULTA,20.127123856273904,,,0.09383533820166479,0.12036494915294815,,0.5923076923076923,0.5,0.5,0.6666666666666666,0.6680672268907563,0.5,0.5618654384830856
UMG.AS,20.093894074784277,,,0.11644184166044358,0.3250621757452019,,0.5961538461538461,0.5,0.5,0.7524752475247525,0.8907563025210085,0.5,0.6622553819700006
UNFI,,,,0.03188202613844959,,,0.5,0.5,0.5,0.3432343234323432,0.5,0.5,0.39905115511551154
UPS,14.175464002767209,,,-0.021771807431354984,-0.22900500543770697,,0.7730769230769231,0.5,0.5,0.132013201320132,0.10084033613445378,0.5,0.2097799637753045
URBN,13.991965850192068,,,0.06860514748216628,0.11039327392483478,,0.7769230769230769,0.5,0.5,0.5346534653465347,0.6386554621848739,0.5,0.515556170678477
UTZ,57.42315662952298,,,0.060761504484944995,-0.11053278375935172,,0.09230769230769231,0.5,0.5,0.4884488448844885,0.24369747899159663,0.5,0.3493578116699841
UVSP,11.640649326362093,,,0.03280652337827772,-0.05896397111897145,,0.8307692307692307,0.5,0.5,0.35313531353135313,0.3487394957983193,0.5,0.3641349540577846
V,32.471882357164226,,,0.10921242130254294,0.13390749500628862,,0.28846153846153844,0.5,0.5,0.7392739273927392,0.7016806722689075,0.5,0.586258962838753
VITL,27.72618625908444,,,0.32456196343093113,1.7516060407455223,,0.3846153846153846,0.5,0.5,0.9537953795379538,0.9957983193277311,0.5,0.7547717982851938
VRTX,,,,0.13312833523570267,,,0.5,0.5,0.5,0.834983498349835,0.5,0.5,0.5588696369636964
VSH,,,,-0.03218246886337994,,,0.5,0.5,0.5,0.10891089108910891,0.5,0.5,0.3228960396039604
VST,21.82041484467845,,,0.12561960899127578,,,0.5461538461538462,0.5,0.5,0.7920792079207921,0.5,0.5,0.546464204112719
VTRS,,,,-0.06246940495568998,,,0.5,0.5,0.5,0.07260726072607261,0.5,0.5,0.31109735973597363
VWAGY,5.059597080785834,,,0.09071723427131495,-0.10294564061642164,,0.9576923076923077,0.5,0.5,0.6534653465346535,0.25210084033613445,0.5,0.43456542098941636
VZ,9.96541778681595,,,0.002922800405111392,-0.0794540150235169,,0.8807692307692307,0.5,0.5,0.21782178217821782,0.3025210084033613,0.5,0.30680371463132095
WAB,33.70252412121212,,,0.09915120409764255,0.2690767503876188,,0.2730769230769231,0.5,0.5,0.693069306930693,0.865546218487395,0.5,0.623985943196776
WBD,,,,0.4775031233536702,,,0.5,0.5,0.5,0.9702970297029703,0.5,0.5,0.6028465346534653
WCC,17.506814002229653,,,0.061974351046463205,0.1873913035223045,,0.6730769230769231,0.5,0.5,0.5016501650165016,0.773109243697479,0.5,0.5450660386012744
WEC,23.7819805914682,,,0.011252574348274091,0.05442729174152783,,0.4884615384615385,0.5,0.5,0.2508250825082508,0.5210084033613446,0.5,0.37546126752300313
WFC,13.573731118547814,,,0.013009088106310074,0.02856820341614008,,0.7923076923076923,0.5,0.5,0.25742574257425743,0.47478991596638653,0.5,0.37271367876929906
WMK,14.888486006130561,,,0.0428980427434178,0.003281401695269359,,0.7461538461538462,0.5,0.5,0.40924092409240925,0.4411764705882353,0.5,0.4095907814763377
WMT,41.99735098744598,,,0.05939146972127429,0.14002281564968477,,0.16538461538461535,0.5,0.5,0.48184818481848185,0.7100840336134454,0.5,0.5012241248365302
WRBY,,,,0.12563839993070958,,,0.5,0.5,0.5,0.7953795379537953,0.5,0.5,0.5459983498349835
WSFS,11.388445995198563,,,0.19114980527984304,-0.07618810289677447,,0.8346153846153846,0.5,0.5,0.900990099009901,0.31512605042016806,0.5,0.5313915947186186
WST,39.526528857316826,,,0.007199537302864378,-0.08770771125895671,,0.1807692307692308,0.5,0.5,0.23102310231023102,0.28991596638655465,0.5,0.2836641716854297
WTRG,18.800103259792312,,,0.03562608499521902,0.08905584618126228,,0.65,0.5,0.5,0.3696369636963696,0.5798319327731093,0.5,0.4385773913525806
XEL,24.709619305785125,,,0.00024812049749090015,0.05136999166373579,,0.45769230769230773,0.5,0.5,0.20132013201320131,0.5126050420168067,0.5,0.35561542514949623
YMHAY,0.06544351034986906,,,0.12434517274697665,-0.09498032868400108,,0.9923076923076923,0.5,0.5,0.7821782178217822,0.2773109243697479,0.5,0.48574422762250374
YORW,22.697778696186962,,,0.10791765949571674,0.02986823723982046,,0.5192307692307692,0.5,0.5,0.7260726072607261,0.4789915966386555,0.5,0.5172868919083247
ZBH,19.77410166851073,,,0.0399465518833122,0.3210955631172505,,0.6192307692307693,0.5,0.5,0.3927392739273927,0.8865546218487395,0.5,0.544744875101602
ESGV,,,,,,,,,,,,,0.5
IJR,,,,,,,,,,,,,0.5
SCHD,,,,,,,,,,,,,0.5
TAN,,,,,,,,,,,,,0.5
VHT,,,,,,,,,,,,,0.5
VIG,,,,,,,,,,,,,0.5
VOO,,,,,,,,,,,,,0.5
VT,,,,,,,,,,,,,0.5
VYM,,,,,,,,,,,,,0.5
